{
    "gemma3:270m": {
        "none": {
            "total": {
                "mean": 0.0012149976459999998,
                "std": 0.0005109450887570851,
                "unit": "kWh"
            },
            "total_multiplier": {
                "mean": 1.0,
                "std": 0.420531752007267
            },
            "gpu": {
                "mean": 0.0006079837671973204,
                "std": 0.0002461144569357725,
                "unit": "kWh"
            },
            "gpu_multiplier": {
                "mean": 1.0,
                "std": 0.40480432244155024
            },
            "cpu": {
                "mean": 0.00016099695522876789,
                "std": 7.897560493039666e-05,
                "unit": "kWh"
            },
            "cpu_multiplier": {
                "mean": 1.0,
                "std": 0.49054098456816553
            },
            "co2": {
                "mean": 0.17410967296683336,
                "std": 0.07321864577597219,
                "unit": "gCO2eq"
            }
        },
        "low": {
            "total": {
                "mean": 0.0012176735718333334,
                "std": 0.00028695615724044895,
                "unit": "kWh"
            },
            "total_multiplier": {
                "mean": 1.0022024123603392,
                "std": 0.23617836477721785
            },
            "gpu": {
                "mean": 0.0006173730781497849,
                "std": 0.000109217658356061,
                "unit": "kWh"
            },
            "gpu_multiplier": {
                "mean": 1.0154433579629063,
                "std": 0.1796391026351441
            },
            "cpu": {
                "mean": 0.00015330525014023148,
                "std": 7.350144811849081e-05,
                "unit": "kWh"
            },
            "cpu_multiplier": {
                "mean": 0.9522245307210505,
                "std": 0.4565393675554253
            },
            "co2": {
                "mean": 0.17449313428133337,
                "std": 0.04112093786183336,
                "unit": "gCO2eq"
            }
        },
        "medium": {
            "total": {
                "mean": 0.0016340938771666664,
                "std": 9.505066146204186e-05,
                "unit": "kWh"
            },
            "total_multiplier": {
                "mean": 1.3449358379799419,
                "std": 0.0782311486569266
            },
            "gpu": {
                "mean": 0.0008844913974149882,
                "std": 5.1959494978842915e-05,
                "unit": "kWh"
            },
            "gpu_multiplier": {
                "mean": 1.4547944289570607,
                "std": 0.08546197741160995
            },
            "cpu": {
                "mean": 0.0001497637797206176,
                "std": 1.3567065740002178e-05,
                "unit": "kWh"
            },
            "cpu_multiplier": {
                "mean": 0.9302274040388617,
                "std": 0.08426908273342261
            },
            "co2": {
                "mean": 0.234166338942,
                "std": 0.013620799717429424,
                "unit": "gCO2eq"
            }
        },
        "high": {
            "total": {
                "mean": 0.005106545855833333,
                "std": 0.002798754315657775,
                "unit": "kWh"
            },
            "total_multiplier": {
                "mean": 4.202926542816803,
                "std": 2.3035059572928387
            },
            "gpu": {
                "mean": 0.002651264412593676,
                "std": 0.0013442060765774676,
                "unit": "kWh"
            },
            "gpu_multiplier": {
                "mean": 4.360748683826638,
                "std": 2.210924286307807
            },
            "cpu": {
                "mean": 0.0005807609471380385,
                "std": 0.00043001901161856523,
                "unit": "kWh"
            },
            "cpu_multiplier": {
                "mean": 3.607279071289323,
                "std": 2.6709760504944438
            },
            "co2": {
                "mean": 0.7317701658921667,
                "std": 0.4010626689127824,
                "unit": "gCO2eq"
            }
        }
    },
    "gemma3:4b": {
        "none": {
            "total": {
                "mean": 0.0030908000351666663,
                "std": 0.001770407635229592,
                "unit": "kWh"
            },
            "total_multiplier": {
                "mean": 1.0,
                "std": 0.5727991507331938
            },
            "gpu": {
                "mean": 0.0017192466683887831,
                "std": 0.000992870888166324,
                "unit": "kWh"
            },
            "gpu_multiplier": {
                "mean": 1.0,
                "std": 0.5775034533565839
            },
            "cpu": {
                "mean": 0.00023702930511869703,
                "std": 0.00012810590390325625,
                "unit": "kWh"
            },
            "cpu_multiplier": {
                "mean": 1.0,
                "std": 0.5404644115169841
            },
            "co2": {
                "mean": 0.442912943167,
                "std": 0.25370015771482307,
                "unit": "gCO2eq"
            }
        },
        "low": {
            "total": {
                "mean": 0.003388573841333333,
                "std": 0.0013233914862629981,
                "unit": "kWh"
            },
            "total_multiplier": {
                "mean": 1.096341983557215,
                "std": 0.42817117613745476
            },
            "gpu": {
                "mean": 0.0018949383891826174,
                "std": 0.0007379220916303878,
                "unit": "kWh"
            },
            "gpu_multiplier": {
                "mean": 1.1021911073170707,
                "std": 0.42921245985135
            },
            "cpu": {
                "mean": 0.0002497356411070043,
                "std": 0.00010184179715016165,
                "unit": "kWh"
            },
            "cpu_multiplier": {
                "mean": 1.0536066035461071,
                "std": 0.42965909679042597
            },
            "co2": {
                "mean": 0.48558405466899995,
                "std": 0.18964255578840597,
                "unit": "gCO2eq"
            }
        },
        "medium": {
            "total": {
                "mean": 0.003691962853833334,
                "std": 0.0008285512310984539,
                "unit": "kWh"
            },
            "total_multiplier": {
                "mean": 1.1945007156162566,
                "std": 0.2680701506636859
            },
            "gpu": {
                "mean": 0.002060526754521986,
                "std": 0.000456972958574589,
                "unit": "kWh"
            },
            "gpu_multiplier": {
                "mean": 1.1985055969036942,
                "std": 0.2657983679577799
            },
            "cpu": {
                "mean": 0.00027608841899686424,
                "std": 6.899895996201661e-05,
                "unit": "kWh"
            },
            "cpu_multiplier": {
                "mean": 1.1647860118334634,
                "std": 0.29109885770227456
            },
            "co2": {
                "mean": 0.5290598275856667,
                "std": 0.11873173938760266,
                "unit": "gCO2eq"
            }
        },
        "high": {
            "total": {
                "mean": 0.007627516098333333,
                "std": 0.0006441028631059519,
                "unit": "kWh"
            },
            "total_multiplier": {
                "mean": 2.4678128677198723,
                "std": 0.2083935731129302
            },
            "gpu": {
                "mean": 0.004260559784693145,
                "std": 0.00036456770675692864,
                "unit": "kWh"
            },
            "gpu_multiplier": {
                "mean": 2.478155033265814,